Id;Label
0;@davidbisbal
1;@pabloalboran
2;@paugasol
3;@policia
4;@mtvspain
5;@marca
6;@Carles5puyol
7;@AlejandroSanz
8;@MelendiOficial
9;@El_Hormiguero
10;@RafaelNadal
11;@_anapastor_
12;@SeFutbol
13;@lorenzo99
14;@alo_oficial
15;@_danielmartin_
16;@marcmarquez93
17;@Guaje7Villa
18;@IkerCasillas
19;@aarbeloa17
20;@SergioRamos
21;@andresiniesta8
22;@enriqueiglesias
23;@SSantiagosegura
24;@_MaluOficial_
25;@Pontifex_es
26;@cesc4official
27;@Pablo_Iglesias_
28;@ristomejide
29;@BoseOfficial
30;@el_pais
31;@A3Noticias
32;@Atleti
33;@llorentefer19
34;@isco_alarcon
35;@realmadrid
36;@elmundoes
37;@DANIROVIRA
38;@mario_casas_
39;@flofdezz
40;@Berto_Romero
41;@jordievole
42;@Cosmopolitan_es
43;@XabiAlonso
44;@AnnaSimonMari
45;@CristiPedroche
46;@JordiAlba
47;@SergiRoberto10
48;@21LVA
49;@juanmata8
50;@CesarAzpi
51;@BBVAworld
52;@fifacom_es
53;@Torres
54;@D_DeGea
55;@MarcBartra
56;@Rafinha
57;@AnderHerrera
58;@ctello91
59;@3gerardpique
60;@LaLiga
61;@Thiago6
62;@19SCazorla
63;@FCBarcelona_es
64;@_Pedro17_
65;@danimartinezweb
66;@FCBarcelona
67;@Buenafuente
68;@AlvaroMorata
69;@FCBarcelona_cat
70;@ActualidadRT
71;@Rubiu5
72;@ifilosofia
73;@muyinteresante
74;@nachofi1990
75;@auronplay
76;@VogueSpain
77;@hola
78;@perezreverte
79;@LuzuGames
80;@DaniCarvajal92
81;@rickyrubio9
82;@mundodeportivo
83;@2010MisterChip
84;@LuzuVlogs
85;@vegetta777
86;@Wismichu
87;@WillyrexYT
88;@mangelrogel
89;@aLexBY11
90;@TownGamePlay
91;@GUTY14HAZ
92;@ElJuanpaZurita
93;@AbrahamMateo
94;@JeseRodriguez10
95;@officialpepe
96;@diarioas
97;@realmadriden
98;@fifaworldcup_es
99;@taniarin
